time,accel_x,accel_y,accel_z,gyro_x,gyro_y,gyro_z,mag_x,mag_y,mag_z,dcm_0,dcm_1,servo_0,servo_1,enc_0,enc_1
0.036231040954589844,0.0,0.0,0.0,0.0,0.0,0.0,0.0,0.0,0.0,0,0,0.0,0.0,0,0
0.038121700286865234,0.0,0.0,0.0,0.0,0.0,0.0,0.0,0.0,0.0,0,0,0.0,0.0,0,0
0.05235743522644043,-504.0,-816.0,16168.0,-325.0,-185.0,-718.0,-63.0,25.0,398.0,0,0,0.0,0.0,0,21943
0.05823040008544922,-256.0,-736.0,16288.0,226.0,-87.0,440.0,-71.0,18.0,403.0,0,0,0.0,0.0,0,21943
0.06819367408752441,-288.0,-672.0,16328.0,244.0,203.0,525.0,-71.0,18.0,403.0,4,4,0.0,0.0,0,21956
0.07815241813659668,-64.0,-720.0,16440.0,-273.0,390.0,79.0,-65.0,21.0,370.0,4,4,0.0,0.0,0,21956
0.08828020095825195,-256.0,-536.0,16312.0,-35.0,239.0,241.0,-74.0,32.0,369.0,4,4,0.0,0.0,0,21969
0.09817099571228027,-392.0,-888.0,16496.0,302.0,16.0,-45.0,-74.0,32.0,369.0,4,4,84.0,84.0,0,21969
0.10818910598754883,-424.0,-416.0,16288.0,109.0,-290.0,754.0,-76.0,30.0,369.0,3,3,84.0,84.0,0,21983
0.1181480884552002,-232.0,-600.0,16112.0,-396.0,166.0,352.0,-62.0,34.0,382.0,3,3,84.0,84.0,0,21983
0.12822175025939941,-224.0,-896.0,16424.0,-164.0,112.0,-358.0,-62.0,34.0,382.0,3,3,84.0,84.0,0,21996
0.13817310333251953,-368.0,-560.0,16344.0,197.0,18.0,148.0,-67.0,21.0,392.0,3,3,85.0,85.0,0,21996
0.1481928825378418,-424.0,-560.0,16280.0,339.0,-211.0,576.0,-75.0,39.0,365.0,2,2,85.0,85.0,0,22009
0.15816211700439453,-288.0,-656.0,16104.0,-275.0,42.0,-159.0,-65.0,39.0,370.0,2,2,85.0,85.0,0,22009
0.16834235191345215,-608.0,-704.0,16416.0,-103.0,260.0,-205.0,-69.0,32.0,366.0,2,2,86.0,86.0,0,22023
0.17816424369812012,-272.0,-600.0,16320.0,520.0,91.0,-31.0,-62.0,12.0,380.0,2,2,86.0,86.0,0,22023
0.1881849765777588,-192.0,-592.0,16320.0,506.0,-127.0,106.0,-71.0,35.0,364.0,1,1,86.0,86.0,0,22035
0.1981518268585205,-224.0,-608.0,16216.0,-94.0,-556.0,-161.0,-62.0,39.0,367.0,1,1,86.0,86.0,0,22035
0.20835065841674805,-408.0,-688.0,16336.0,408.0,158.0,-800.0,-66.0,35.0,356.0,1,1,87.0,87.0,0,22049
0.21816205978393555,-512.0,-648.0,16208.0,-475.0,24.0,-377.0,-67.0,29.0,387.0,1,1,87.0,87.0,0,22049
0.22818779945373535,-432.0,-776.0,16152.0,118.0,500.0,-568.0,-61.0,37.0,364.0,0,0,87.0,87.0,0,22062
0.23814916610717773,-656.0,-776.0,16184.0,155.0,-145.0,566.0,-61.0,37.0,364.0,0,0,87.0,87.0,0,22062
0.24836468696594238,-584.0,-728.0,16040.0,201.0,-131.0,466.0,-79.0,30.0,366.0,0,0,88.0,88.0,0,22075
0.2581901550292969,-264.0,-632.0,16408.0,245.0,-313.0,422.0,-60.0,34.0,377.0,0,0,88.0,88.0,0,22075
0.2681856155395508,-312.0,-880.0,16256.0,92.0,22.0,-63.0,-60.0,34.0,377.0,-1,-1,88.0,88.0,0,22083
0.2781543731689453,-272.0,-720.0,16560.0,-175.0,391.0,-960.0,-70.0,46.0,367.0,-1,-1,88.0,88.0,0,22083
0.288360595703125,-560.0,-624.0,16160.0,1035.0,-657.0,671.0,-63.0,35.0,349.0,-1,-1,89.0,89.0,0,22086
0.2981569766998291,-280.0,-576.0,16544.0,438.0,136.0,3.0,-63.0,35.0,349.0,-1,-1,89.0,89.0,0,22086
0.308182954788208,-312.0,-608.0,16352.0,-45.0,-10.0,-466.0,-66.0,30.0,346.0,-2,-2,89.0,89.0,0,22085
0.3181462287902832,-416.0,-568.0,16248.0,188.0,179.0,-116.0,-56.0,32.0,349.0,-2,-2,89.0,89.0,0,22085
0.3283700942993164,-56.0,-832.0,16472.0,330.0,-147.0,162.0,-56.0,32.0,349.0,-2,-2,90.0,90.0,0,22078
0.3381650447845459,-480.0,-264.0,16264.0,237.0,-119.0,-869.0,-65.0,26.0,377.0,-2,-2,90.0,90.0,0,22078
0.3481884002685547,-536.0,-664.0,16384.0,-172.0,92.0,23.0,-61.0,30.0,356.0,-3,-3,90.0,90.0,0,22069
0.35815954208374023,-264.0,-664.0,16352.0,-76.0,152.0,186.0,-61.0,30.0,356.0,-3,-3,90.0,90.0,0,22069
0.3683750629425049,-232.0,-640.0,16224.0,158.0,-324.0,249.0,-66.0,30.0,364.0,-3,-3,91.0,91.0,0,22059
0.3781614303588867,-408.0,-944.0,16144.0,518.0,-623.0,401.0,-65.0,24.0,370.0,-3,-3,91.0,91.0,0,22059
0.3881826400756836,-288.0,-480.0,16336.0,-360.0,-61.0,625.0,-61.0,35.0,364.0,-4,-4,91.0,91.0,0,22047
0.3981449604034424,-384.0,-944.0,16304.0,654.0,-219.0,207.0,-60.0,46.0,372.0,-4,-4,91.0,91.0,0,22047
0.40837597846984863,-176.0,-816.0,16360.0,460.0,-118.0,384.0,-69.0,32.0,364.0,-4,-4,92.0,92.0,0,22035
0.4181640148162842,-256.0,-608.0,16144.0,260.0,-71.0,-253.0,-66.0,32.0,383.0,-4,-4,92.0,92.0,0,22035
0.42818522453308105,-200.0,-520.0,16504.0,134.0,186.0,155.0,-58.0,35.0,361.0,-5,-5,92.0,92.0,0,22023
0.43817138671875,-24.0,-696.0,16336.0,-52.0,-124.0,119.0,-57.0,36.0,362.0,-5,-5,92.0,92.0,0,22023
0.4483766555786133,-216.0,-776.0,16512.0,-233.0,36.0,-465.0,-61.0,32.0,356.0,-5,-5,93.0,93.0,0,22010
0.45816564559936523,-272.0,-592.0,16384.0,-145.0,-209.0,20.0,-75.0,36.0,375.0,-5,-5,93.0,93.0,0,22010
0.4681873321533203,-384.0,-456.0,16064.0,-79.0,194.0,123.0,-65.0,51.0,367.0,-6,-6,93.0,93.0,0,21997
0.4781534671783447,-184.0,-696.0,16360.0,-364.0,295.0,15.0,-70.0,34.0,372.0,-6,-6,93.0,93.0,0,21997
0.4883737564086914,-304.0,-592.0,16320.0,-70.0,126.0,217.0,-65.0,34.0,372.0,-6,-6,94.0,94.0,0,21985
0.49816179275512695,-312.0,-856.0,16328.0,-14.0,-111.0,83.0,-65.0,34.0,372.0,-6,-6,94.0,94.0,0,21985
0.5081825256347656,-696.0,-592.0,16088.0,-105.0,242.0,-776.0,-56.0,45.0,361.0,-7,-7,94.0,94.0,0,21972
0.5181519985198975,-432.0,-456.0,16024.0,29.0,590.0,-946.0,-61.0,30.0,376.0,-7,-7,94.0,94.0,0,21972
0.5282201766967773,-192.0,-872.0,16376.0,-29.0,128.0,-751.0,-61.0,30.0,376.0,-7,-7,94.0,94.0,0,21959
0.5381720066070557,-288.0,-536.0,16448.0,-330.0,269.0,-489.0,-60.0,29.0,380.0,-7,-7,95.0,95.0,0,21959
0.5481865406036377,-536.0,-704.0,16320.0,-308.0,650.0,-691.0,-53.0,37.0,369.0,-8,-8,95.0,95.0,0,21946
0.558154821395874,-176.0,-728.0,16344.0,319.0,107.0,345.0,-53.0,37.0,369.0,-8,-8,95.0,95.0,0,21946
0.5683896541595459,-200.0,-832.0,16304.0,258.0,-283.0,-137.0,-69.0,47.0,361.0,-8,-8,96.0,96.0,0,21933
0.5781610012054443,-344.0,-672.0,16496.0,18.0,357.0,-323.0,-67.0,29.0,367.0,-8,-8,96.0,96.0,0,21933
0.5881860256195068,-208.0,-680.0,16456.0,-361.0,129.0,-309.0,-67.0,29.0,367.0,-9,-9,96.0,96.0,0,21919
0.5981533527374268,-424.0,-616.0,16216.0,-363.0,16.0,408.0,-61.0,35.0,369.0,-9,-9,96.0,96.0,0,21919
0.608421802520752,-288.0,-712.0,16240.0,-682.0,116.0,-903.0,-56.0,37.0,354.0,-9,-9,97.0,97.0,0,21907
0.6181666851043701,-136.0,-672.0,16312.0,275.0,354.0,-505.0,-56.0,37.0,354.0,-9,-9,97.0,97.0,0,21907
0.628192663192749,-104.0,-688.0,16320.0,-1.0,92.0,-470.0,-56.0,40.0,359.0,-10,-10,97.0,97.0,0,21893
0.6381595134735107,-248.0,-736.0,16360.0,546.0,-2.0,84.0,-70.0,43.0,362.0,-10,-10,97.0,97.0,0,21893
0.6483988761901855,-384.0,-632.0,16048.0,68.0,50.0,-222.0,-70.0,43.0,362.0,-10,-10,98.0,98.0,0,21881
0.6581647396087646,0.0,-496.0,16288.0,-23.0,-44.0,104.0,-63.0,37.0,381.0,-10,-10,98.0,98.0,0,21881
0.6681852340698242,-288.0,-568.0,16448.0,191.0,-35.0,-75.0,-66.0,40.0,361.0,-11,-11,98.0,98.0,0,21867
0.6781587600708008,-416.0,-768.0,16312.0,10.0,-151.0,635.0,-76.0,28.0,366.0,-11,-11,98.0,98.0,0,21867
0.6884229183197021,-360.0,-568.0,16336.0,-328.0,-214.0,478.0,-53.0,40.0,366.0,-11,-11,99.0,99.0,0,21855
0.6981673240661621,-136.0,-936.0,16376.0,108.0,-67.0,453.0,-82.0,35.0,378.0,-11,-11,99.0,99.0,0,21855
0.7081966400146484,-120.0,-720.0,16408.0,-52.0,-336.0,393.0,-58.0,28.0,369.0,-12,-12,99.0,99.0,0,21841
0.7181808948516846,-328.0,-760.0,16504.0,-88.0,266.0,-98.0,-67.0,34.0,367.0,-12,-12,99.0,99.0,0,21841
0.7284207344055176,-200.0,-736.0,16296.0,200.0,-302.0,558.0,-70.0,36.0,372.0,-12,-12,100.0,100.0,0,21829
0.738166093826294,-128.0,-808.0,16464.0,-315.0,-35.0,549.0,-69.0,35.0,383.0,-12,-12,100.0,100.0,0,21829
0.7481884956359863,-24.0,-528.0,16424.0,337.0,288.0,-40.0,-57.0,41.0,362.0,-13,-13,100.0,100.0,0,21815
0.7581791877746582,-352.0,-776.0,16120.0,-412.0,0.0,-480.0,-57.0,41.0,362.0,-13,-13,100.0,100.0,0,21815
0.768413782119751,-312.0,-552.0,16080.0,61.0,-233.0,-5.0,-53.0,32.0,366.0,-13,-13,99.0,99.0,0,21802
0.7781703472137451,-112.0,-984.0,16160.0,-508.0,81.0,-275.0,-69.0,40.0,388.0,-13,-13,99.0,99.0,0,21802
0.7881839275360107,-344.0,-712.0,16416.0,-70.0,139.0,-847.0,-69.0,40.0,388.0,-14,-14,99.0,99.0,0,21789
0.798154354095459,-400.0,-792.0,16456.0,-218.0,-74.0,-599.0,-69.0,40.0,388.0,-14,-14,99.0,99.0,0,21789
0.8084027767181396,-240.0,-712.0,16248.0,-120.0,252.0,-224.0,-52.0,36.0,370.0,-14,-14,98.0,98.0,0,21775
0.818166971206665,-280.0,-592.0,16256.0,13.0,16.0,452.0,-52.0,36.0,370.0,-14,-14,98.0,98.0,0,21775
0.8281896114349365,-392.0,-488.0,16000.0,-123.0,58.0,-451.0,-66.0,37.0,366.0,-15,-15,98.0,98.0,0,21762
0.8381593227386475,-96.0,-784.0,16456.0,224.0,56.0,-724.0,-65.0,36.0,377.0,-15,-15,98.0,98.0,0,21762
0.8484146595001221,-88.0,-576.0,16328.0,147.0,32.0,-721.0,-65.0,36.0,377.0,-15,-15,97.0,97.0,0,21749
0.858170747756958,-328.0,-832.0,16336.0,-28.0,-397.0,339.0,-61.0,30.0,377.0,-15,-15,97.0,97.0,0,21749
0.8685302734375,-304.0,-840.0,16224.0,-74.0,-192.0,-396.0,-61.0,30.0,374.0,-15,-15,97.0,97.0,0,21735
0.8784878253936768,-488.0,-528.0,16176.0,-303.0,-218.0,-287.0,-54.0,51.0,367.0,-16,-16,97.0,97.0,0,21735
0.8901569843292236,-568.0,-600.0,16088.0,243.0,-64.0,37.0,-54.0,46.0,355.0,-16,-16,96.0,96.0,0,21722
0.8985018730163574,-296.0,-960.0,16120.0,-73.0,-35.0,-115.0,-67.0,43.0,362.0,-16,-16,96.0,96.0,0,21722
0.9093384742736816,-336.0,-616.0,16456.0,-186.0,121.0,-461.0,-66.0,35.0,366.0,-17,-17,96.0,96.0,0,21709
0.9184808731079102,-136.0,-664.0,16416.0,486.0,-82.0,-51.0,-66.0,35.0,366.0,-17,-17,96.0,96.0,0,21709
0.9300625324249268,-320.0,-592.0,16248.0,251.0,-231.0,37.0,-53.0,37.0,359.0,-17,-17,95.0,95.0,0,21695
0.9385368824005127,-568.0,-624.0,16216.0,-101.0,190.0,-485.0,-53.0,37.0,359.0,-17,-17,95.0,95.0,0,21695
0.9493579864501953,-360.0,-688.0,16320.0,81.0,260.0,-423.0,-53.0,37.0,374.0,-18,-18,95.0,95.0,0,21681
0.95849609375,-264.0,-536.0,16352.0,-113.0,274.0,-493.0,-69.0,42.0,351.0,-18,-18,95.0,95.0,0,21681
0.9685180187225342,-416.0,-672.0,16208.0,12.0,-70.0,225.0,-54.0,29.0,362.0,-18,-18,95.0,95.0,0,21668
0.9783434867858887,-88.0,-768.0,16320.0,-602.0,174.0,133.0,-54.0,29.0,362.0,-18,-18,94.0,94.0,0,21668
0.9884164333343506,-272.0,-888.0,16240.0,490.0,192.0,510.0,-62.0,39.0,362.0,-19,-19,94.0,94.0,0,21655
0.9983615875244141,-256.0,-768.0,16224.0,-334.0,-160.0,27.0,-62.0,39.0,362.0,-19,-19,94.0,94.0,0,21655
1.0085489749908447,-352.0,-768.0,16384.0,58.0,158.0,444.0,-46.0,34.0,357.0,-19,-19,94.0,94.0,0,21641
1.0183420181274414,-64.0,-584.0,16440.0,389.0,-66.0,-343.0,-46.0,34.0,357.0,-19,-19,93.0,93.0,0,21641
1.0284485816955566,-208.0,-576.0,16264.0,-59.0,-184.0,843.0,-56.0,35.0,369.0,-20,-20,93.0,93.0,0,21627
1.038398265838623,-352.0,-552.0,16272.0,91.0,32.0,290.0,-56.0,35.0,369.0,-20,-20,93.0,93.0,0,21627
1.0485177040100098,-336.0,-744.0,16304.0,14.0,-159.0,366.0,-53.0,42.0,361.0,-20,-20,93.0,93.0,0,21614
1.0583462715148926,-112.0,-640.0,16168.0,-178.0,47.0,27.0,-53.0,42.0,361.0,-20,-20,92.0,92.0,0,21614
1.0684075355529785,-56.0,-520.0,16336.0,476.0,118.0,315.0,-57.0,39.0,370.0,-21,-21,92.0,92.0,0,21601
1.078378677368164,-224.0,-712.0,16408.0,63.0,38.0,-39.0,-57.0,39.0,370.0,-21,-21,92.0,92.0,0,21601
1.0884852409362793,-112.0,-680.0,16448.0,-51.0,206.0,420.0,-53.0,37.0,361.0,-21,-21,92.0,92.0,0,21587
1.098344087600708,-104.0,-744.0,16304.0,159.0,-409.0,695.0,-53.0,37.0,361.0,-21,-21,91.0,91.0,0,21587
1.1084582805633545,-352.0,-744.0,16392.0,256.0,-34.0,195.0,-67.0,41.0,365.0,-22,-22,91.0,91.0,0,21573
1.1183722019195557,-424.0,-624.0,16104.0,73.0,322.0,-285.0,-67.0,41.0,365.0,-22,-22,91.0,91.0,0,21573
1.1285192966461182,-464.0,-664.0,16392.0,-48.0,335.0,-201.0,-53.0,28.0,371.0,-22,-22,91.0,91.0,0,21560
1.13834810256958,-488.0,-472.0,16248.0,-207.0,-250.0,-764.0,-53.0,28.0,371.0,-22,-22,90.0,90.0,0,21560
1.1484131813049316,-312.0,-672.0,16272.0,47.0,-17.0,-384.0,-53.0,30.0,374.0,-23,-23,90.0,90.0,0,21547
1.1583850383758545,-200.0,-592.0,16376.0,-439.0,222.0,-324.0,-53.0,30.0,374.0,-23,-23,90.0,90.0,0,21547
1.1701271533966064,-216.0,-664.0,16576.0,264.0,-166.0,278.0,-45.0,23.0,359.0,-23,-23,89.0,89.0,0,21533
1.178511619567871,-184.0,-312.0,16216.0,494.0,-69.0,174.0,-45.0,23.0,359.0,-23,-23,89.0,89.0,0,21533
1.1894593238830566,-256.0,-448.0,16296.0,67.0,100.0,417.0,-60.0,29.0,375.0,-24,-24,89.0,89.0,0,21519
1.1985023021697998,-200.0,-1048.0,16416.0,-35.0,117.0,594.0,-60.0,29.0,375.0,-24,-24,89.0,89.0,0,21519
1.2101871967315674,-392.0,-824.0,16504.0,109.0,-147.0,681.0,-57.0,41.0,372.0,-24,-24,88.0,88.0,0,21505
1.218522310256958,-40.0,-768.0,16248.0,-235.0,243.0,410.0,-57.0,41.0,372.0,-24,-24,88.0,88.0,0,21505
1.2295620441436768,-136.0,-720.0,16312.0,-201.0,208.0,283.0,-60.0,26.0,372.0,-25,-25,88.0,88.0,0,21491
1.2384886741638184,-392.0,-400.0,16256.0,-444.0,-48.0,-204.0,-60.0,26.0,372.0,-25,-25,88.0,88.0,0,21491
1.2495675086975098,-456.0,-728.0,16296.0,-201.0,8.0,-89.0,-57.0,36.0,365.0,-25,-25,88.0,88.0,0,21477
1.2585594654083252,8.0,-704.0,16248.0,114.0,73.0,-285.0,-57.0,36.0,365.0,-25,-25,87.0,87.0,0,21477
1.269350290298462,-600.0,-704.0,16224.0,17.0,195.0,160.0,-67.0,17.0,377.0,-26,-26,87.0,87.0,0,21463
1.278332233428955,-760.0,-832.0,16176.0,-149.0,205.0,423.0,-67.0,17.0,377.0,-26,-26,87.0,87.0,0,21463
1.2885255813598633,-288.0,-592.0,16304.0,80.0,98.0,-194.0,-61.0,37.0,361.0,-26,-26,87.0,87.0,0,21450
1.2983520030975342,-248.0,-800.0,16096.0,68.0,314.0,544.0,-61.0,37.0,361.0,-26,-26,86.0,86.0,0,21450
1.3085463047027588,-480.0,-832.0,16128.0,-2.0,72.0,651.0,-60.0,46.0,375.0,-27,-27,86.0,86.0,0,21436
1.318342685699463,-320.0,-624.0,16248.0,269.0,-159.0,276.0,-60.0,46.0,375.0,-27,-27,86.0,86.0,0,21436
1.3285548686981201,-224.0,-920.0,16176.0,-183.0,-138.0,78.0,-71.0,35.0,364.0,-27,-27,86.0,86.0,0,21422
1.3383641242980957,-184.0,-608.0,16448.0,76.0,-105.0,-614.0,-71.0,35.0,364.0,-27,-27,85.0,85.0,0,21422
1.3484442234039307,-488.0,-696.0,16464.0,-116.0,-46.0,-117.0,-71.0,35.0,364.0,-28,-28,85.0,85.0,0,21409
1.3584420680999756,-144.0,-824.0,16232.0,378.0,19.0,-200.0,-71.0,28.0,366.0,-28,-28,85.0,85.0,0,21409
1.3703358173370361,-192.0,-648.0,16280.0,-51.0,103.0,-172.0,-50.0,37.0,378.0,-28,-28,84.0,84.0,0,21395
1.3785285949707031,-216.0,-576.0,16440.0,-36.0,-170.0,102.0,-50.0,37.0,378.0,-28,-28,84.0,84.0,0,21395
1.3894953727722168,-200.0,-632.0,16248.0,-263.0,202.0,-449.0,-65.0,34.0,375.0,-29,-29,84.0,84.0,0,21381
1.3985095024108887,-192.0,-472.0,16288.0,214.0,262.0,-97.0,-65.0,34.0,375.0,-29,-29,84.0,84.0,0,21381
1.4104115962982178,-352.0,-824.0,16248.0,110.0,-203.0,-104.0,-54.0,39.0,375.0,-29,-29,83.0,83.0,0,21367
1.4185271263122559,-144.0,-608.0,16448.0,-113.0,171.0,398.0,-54.0,39.0,385.0,-29,-29,83.0,83.0,0,21367
1.428605556488037,-328.0,-816.0,16440.0,212.0,72.0,-370.0,-54.0,41.0,382.0,-29,-29,83.0,83.0,0,21353
1.4385452270507812,-80.0,-1000.0,16376.0,-220.0,45.0,344.0,-62.0,34.0,382.0,-30,-30,83.0,83.0,0,21353
1.4503722190856934,-320.0,-832.0,16384.0,73.0,-238.0,241.0,-58.0,32.0,376.0,-30,-30,82.0,82.0,0,21339
1.4585301876068115,-224.0,-728.0,16456.0,-100.0,297.0,-519.0,-58.0,32.0,376.0,-30,-30,82.0,82.0,0,21339
1.468517541885376,-416.0,-760.0,16360.0,-492.0,173.0,-218.0,-63.0,32.0,371.0,-31,-31,82.0,82.0,0,21325
1.4783430099487305,-336.0,-760.0,16392.0,404.0,424.0,70.0,-57.0,36.0,372.0,-31,-31,82.0,82.0,0,21325
1.4885311126708984,-344.0,-776.0,16232.0,204.0,-165.0,-198.0,-61.0,40.0,376.0,-31,-31,82.0,82.0,0,21311
1.4983723163604736,-208.0,-656.0,16488.0,60.0,6.0,191.0,-73.0,31.0,372.0,-31,-31,81.0,81.0,0,21311
1.5086023807525635,-208.0,-632.0,16280.0,-154.0,144.0,-102.0,-65.0,26.0,380.0,-32,-32,81.0,81.0,0,21297
1.5183475017547607,-656.0,-552.0,16416.0,-235.0,-54.0,253.0,-71.0,35.0,378.0,-32,-32,81.0,81.0,0,21297
1.528658151626587,-120.0,-736.0,16424.0,127.0,-179.0,262.0,-60.0,34.0,375.0,-32,-32,81.0,81.0,0,21283
1.5383706092834473,-408.0,-800.0,16144.0,-549.0,243.0,-433.0,-60.0,29.0,370.0,-32,-32,80.0,80.0,0,21283
1.548539638519287,-104.0,-800.0,16504.0,238.0,242.0,-245.0,-60.0,29.0,370.0,-33,-33,80.0,80.0,0,21269
1.5583381652832031,-264.0,-680.0,16136.0,182.0,308.0,-44.0,-66.0,40.0,378.0,-33,-33,80.0,80.0,0,21269
1.5685184001922607,-144.0,-600.0,16080.0,114.0,311.0,-382.0,-52.0,36.0,370.0,-33,-33,80.0,80.0,0,21255
1.5783603191375732,-312.0,-632.0,16216.0,318.0,-153.0,343.0,-52.0,36.0,370.0,-33,-33,79.0,79.0,0,21255
1.588524580001831,-184.0,-864.0,16168.0,512.0,36.0,-95.0,-67.0,24.0,380.0,-34,-34,79.0,79.0,0,21241
1.5983471870422363,-464.0,-488.0,16176.0,-89.0,-111.0,731.0,-41.0,26.0,380.0,-34,-34,79.0,79.0,0,21241
1.6085195541381836,-256.0,-520.0,16512.0,-283.0,164.0,48.0,-41.0,26.0,380.0,-34,-34,79.0,79.0,0,21227
1.6183662414550781,-488.0,-696.0,16176.0,278.0,-51.0,-137.0,-62.0,24.0,377.0,-34,-34,78.0,78.0,0,21227
1.6285593509674072,-232.0,-704.0,16136.0,239.0,-163.0,494.0,-58.0,18.0,383.0,-35,-35,78.0,78.0,0,21213
1.6383380889892578,-408.0,-872.0,16440.0,329.0,216.0,422.0,-58.0,18.0,383.0,-35,-35,78.0,78.0,0,21213
1.6485095024108887,-224.0,-528.0,16368.0,-289.0,12.0,-633.0,-69.0,35.0,369.0,-35,-35,78.0,78.0,0,21199
1.6583714485168457,-608.0,-464.0,16384.0,427.0,148.0,70.0,-67.0,51.0,387.0,-35,-35,77.0,77.0,0,21199
1.6685664653778076,-248.0,-608.0,16168.0,21.0,74.0,-156.0,-67.0,51.0,387.0,-36,-36,77.0,77.0,0,21185
1.6783502101898193,-472.0,-800.0,16256.0,-85.0,190.0,412.0,-63.0,52.0,386.0,-36,-36,77.0,77.0,0,21185
1.6885170936584473,-328.0,-728.0,16064.0,224.0,-392.0,681.0,-54.0,46.0,367.0,-36,-36,77.0,77.0,0,21171
1.6983821392059326,-208.0,-608.0,16312.0,-188.0,-200.0,-416.0,-56.0,57.0,386.0,-36,-36,76.0,76.0,0,21171
1.7086100578308105,-32.0,-680.0,16376.0,2.0,-286.0,-293.0,-65.0,26.0,375.0,-37,-37,76.0,76.0,0,21157
1.7183525562286377,-136.0,-720.0,16464.0,-112.0,-150.0,-459.0,-54.0,43.0,377.0,-37,-37,76.0,76.0,0,21157
1.7285456657409668,-120.0,-808.0,16344.0,415.0,93.0,-41.0,-58.0,25.0,378.0,-37,-37,76.0,76.0,0,21143
1.7383677959442139,-264.0,-632.0,16208.0,-137.0,491.0,-378.0,-71.0,37.0,376.0,-37,-37,75.0,75.0,0,21143
1.748565673828125,-312.0,-504.0,16688.0,-141.0,481.0,107.0,-57.0,41.0,372.0,-38,-38,75.0,75.0,0,21129
1.758385419845581,-424.0,-848.0,16520.0,-41.0,212.0,85.0,-56.0,37.0,381.0,-38,-38,75.0,75.0,0,21129
1.7685215473175049,-272.0,-632.0,16368.0,241.0,87.0,93.0,-50.0,37.0,376.0,-38,-38,75.0,75.0,0,21115
1.778381109237671,-296.0,-744.0,16304.0,-61.0,263.0,-382.0,-50.0,37.0,376.0,-38,-38,74.0,74.0,0,21115
1.7886195182800293,-328.0,-704.0,16504.0,379.0,-70.0,94.0,-65.0,21.0,397.0,-39,-39,74.0,74.0,0,21100
1.7983455657958984,-72.0,-688.0,16392.0,326.0,81.0,475.0,-52.0,36.0,375.0,-39,-39,74.0,74.0,0,21100
1.8085415363311768,-240.0,-704.0,16144.0,-288.0,99.0,-293.0,-52.0,36.0,375.0,-39,-39,74.0,74.0,0,21086
1.818368911743164,-72.0,-552.0,16584.0,-153.0,633.0,337.0,-58.0,47.0,381.0,-39,-39,73.0,73.0,0,21086
1.8285958766937256,-664.0,-656.0,16456.0,24.0,69.0,472.0,-90.0,37.0,408.0,-40,-40,73.0,73.0,0,21072
1.8383519649505615,-464.0,-568.0,16096.0,4.0,184.0,-291.0,-90.0,37.0,408.0,-40,-40,73.0,73.0,0,21072
1.8485283851623535,-496.0,-440.0,16344.0,125.0,171.0,433.0,-66.0,42.0,374.0,-40,-40,73.0,73.0,0,21057
1.8583803176879883,-512.0,-680.0,16424.0,-183.0,113.0,-128.0,-53.0,35.0,383.0,-40,-40,72.0,72.0,0,21057
1.8686411380767822,-336.0,-1080.0,16592.0,377.0,54.0,441.0,-53.0,35.0,383.0,-41,-41,72.0,72.0,0,21043
1.8783605098724365,-384.0,-664.0,16272.0,355.0,36.0,-268.0,-56.0,32.0,371.0,-41,-41,72.0,72.0,0,21043
1.8885271549224854,-264.0,-824.0,16312.0,-44.0,380.0,-587.0,-78.0,29.0,372.0,-41,-41,72.0,72.0,0,21029
1.8983690738677979,-248.0,-544.0,16584.0,118.0,-46.0,-132.0,-78.0,29.0,372.0,-41,-41,71.0,71.0,0,21029
1.9087111949920654,-416.0,-680.0,16320.0,-105.0,42.0,-103.0,-61.0,35.0,386.0,-42,-42,71.0,71.0,0,21015
1.9183549880981445,-312.0,-1024.0,16424.0,-65.0,-197.0,205.0,-52.0,36.0,375.0,-42,-42,71.0,71.0,0,21015
1.9285295009613037,-216.0,-784.0,16352.0,195.0,-234.0,77.0,-52.0,36.0,375.0,-42,-42,71.0,71.0,0,21001
1.938403606414795,-136.0,-800.0,16688.0,-17.0,-19.0,-313.0,-44.0,26.0,392.0,-42,-42,70.0,70.0,0,21001
1.9486274719238281,-224.0,-592.0,16456.0,-103.0,59.0,-228.0,-57.0,39.0,380.0,-43,-43,70.0,70.0,0,20987
1.958348035812378,-56.0,-816.0,16440.0,-285.0,284.0,-651.0,-60.0,21.0,392.0,-43,-43,70.0,70.0,0,20987
1.9685306549072266,-200.0,-632.0,16120.0,-84.0,134.0,-140.0,-57.0,34.0,382.0,-43,-43,70.0,70.0,0,20973
1.978367805480957,-464.0,-600.0,16248.0,166.0,-75.0,36.0,-65.0,41.0,385.0,-43,-43,69.0,69.0,0,20973
1.9890484809875488,-504.0,-712.0,16360.0,123.0,-65.0,-356.0,-66.0,30.0,391.0,-44,-44,69.0,69.0,0,20958
1.9983394145965576,-16.0,-600.0,16328.0,-251.0,177.0,14.0,-95.0,30.0,411.0,-44,-44,69.0,69.0,0,20958
2.0085513591766357,-496.0,-680.0,16112.0,-323.0,165.0,-372.0,-53.0,30.0,381.0,-44,-44,69.0,69.0,0,20943
2.018373727798462,-216.0,-504.0,16224.0,-404.0,240.0,-34.0,-61.0,59.0,396.0,-44,-44,68.0,68.0,0,20943
2.0286645889282227,-384.0,-616.0,16456.0,466.0,114.0,313.0,-61.0,23.0,388.0,-45,-45,68.0,68.0,0,20929
2.0383658409118652,-472.0,-448.0,16480.0,-394.0,326.0,-251.0,-41.0,48.0,404.0,-45,-45,68.0,68.0,0,20929
2.048523187637329,-272.0,-792.0,16504.0,24.0,182.0,198.0,-52.0,39.0,372.0,-45,-45,68.0,68.0,0,20915
2.0583744049072266,-344.0,-752.0,16296.0,-565.0,-100.0,11.0,-50.0,40.0,381.0,-45,-45,67.0,67.0,0,20915
2.068755865097046,-280.0,-832.0,16664.0,67.0,129.0,332.0,-50.0,40.0,381.0,-46,-46,67.0,67.0,0,20900
2.078360080718994,-336.0,-712.0,16144.0,-49.0,-49.0,-87.0,-52.0,29.0,395.0,-46,-46,67.0,67.0,0,20900
2.088521718978882,-360.0,-408.0,16464.0,-99.0,62.0,-349.0,-54.0,39.0,375.0,-46,-46,67.0,67.0,0,20886
2.09836745262146,-168.0,-712.0,16256.0,-65.0,243.0,-312.0,-54.0,39.0,375.0,-46,-46,66.0,66.0,0,20886
2.1088225841522217,-344.0,-536.0,16208.0,82.0,-90.0,-372.0,-45.0,18.0,398.0,-47,-47,66.0,66.0,0,20871
2.1183629035949707,-240.0,-424.0,16448.0,-295.0,125.0,296.0,-50.0,30.0,383.0,-47,-47,66.0,66.0,0,20871
2.128986358642578,-400.0,-736.0,16384.0,-296.0,309.0,-126.0,-50.0,30.0,383.0,-47,-47,66.0,66.0,0,20857
2.1383790969848633,-280.0,-592.0,16472.0,-94.0,-47.0,-65.0,-60.0,36.0,387.0,-47,-47,65.0,65.0,0,20857
2.148733377456665,-336.0,-832.0,16176.0,260.0,297.0,-160.0,-74.0,1.0,408.0,-48,-48,65.0,65.0,0,20843
2.15836238861084,-312.0,-544.0,16376.0,312.0,-154.0,-203.0,-74.0,1.0,408.0,-48,-48,65.0,65.0,0,20843
2.1708438396453857,-224.0,-664.0,16312.0,65.0,-357.0,174.0,-73.0,39.0,387.0,-48,-48,64.0,64.0,0,20829
2.178812265396118,-16.0,-528.0,16088.0,-52.0,417.0,-657.0,-43.0,42.0,371.0,-48,-48,64.0,64.0,0,20829
2.188615083694458,-392.0,-560.0,16120.0,-35.0,277.0,10.0,-43.0,42.0,371.0,-48,-48,64.0,64.0,0,20814
2.198526620864868,-416.0,-528.0,16232.0,-313.0,86.0,-458.0,-57.0,43.0,370.0,-49,-49,64.0,64.0,0,20814
2.210966110229492,-416.0,-744.0,16336.0,307.0,-136.0,126.0,-41.0,58.0,395.0,-49,-49,63.0,63.0,0,20800
2.2185451984405518,-472.0,-632.0,16144.0,-207.0,-267.0,-50.0,-41.0,58.0,395.0,-49,-49,63.0,63.0,0,20800
2.229247808456421,-584.0,-696.0,16216.0,-130.0,18.0,-49.0,-62.0,41.0,387.0,-50,-50,63.0,63.0,0,20785
2.23852801322937,-336.0,-496.0,16376.0,-169.0,274.0,-293.0,-56.0,37.0,396.0,-50,-50,63.0,63.0,0,20785
2.2507269382476807,-80.0,-808.0,16544.0,-25.0,105.0,83.0,-58.0,42.0,364.0,-50,-50,62.0,62.0,0,20771
2.258563995361328,-320.0,-928.0,16288.0,26.0,-155.0,86.0,-56.0,28.0,386.0,-50,-50,62.0,62.0,0,20771
2.2696144580841064,-376.0,-712.0,16480.0,88.0,185.0,-82.0,-57.0,36.0,390.0,-51,-51,62.0,62.0,0,20757
2.2783658504486084,-248.0,-624.0,16424.0,-20.0,-97.0,343.0,-49.0,12.0,392.0,-51,-51,62.0,62.0,0,20757
2.288555145263672,-360.0,-1024.0,16456.0,-102.0,9.0,78.0,-69.0,37.0,378.0,-51,-51,62.0,62.0,0,20743
2.29837703704834,-232.0,-864.0,16528.0,8.0,374.0,550.0,-54.0,34.0,377.0,-51,-51,61.0,61.0,0,20743
2.3088274002075195,-304.0,-616.0,16480.0,-60.0,-172.0,350.0,-78.0,31.0,380.0,-52,-52,61.0,61.0,0,20728
2.318422794342041,-392.0,-888.0,16336.0,417.0,-287.0,525.0,-62.0,-4.0,409.0,-52,-52,61.0,61.0,0,20728
2.3285343647003174,-208.0,-520.0,16032.0,-113.0,79.0,-25.0,-62.0,-4.0,409.0,-52,-52,61.0,61.0,0,20714
2.3383805751800537,-376.0,-776.0,16400.0,375.0,28.0,84.0,-75.0,31.0,390.0,-52,-52,60.0,60.0,0,20714
2.3487846851348877,-48.0,-840.0,16232.0,-288.0,-350.0,-259.0,-62.0,21.0,390.0,-53,-53,60.0,60.0,0,20699
2.3583590984344482,-320.0,-784.0,16288.0,337.0,-128.0,-309.0,-62.0,21.0,390.0,-53,-53,60.0,60.0,0,20699
2.368520736694336,-152.0,-536.0,16312.0,-122.0,108.0,-482.0,-53.0,37.0,381.0,-53,-53,60.0,60.0,0,20685
2.3783793449401855,-320.0,-760.0,16128.0,-163.0,-130.0,-266.0,-50.0,47.0,396.0,-53,-53,59.0,59.0,0,20685
2.3888092041015625,-256.0,-616.0,16376.0,67.0,172.0,-234.0,-50.0,47.0,396.0,-54,-54,59.0,59.0,0,20670
2.398350715637207,-80.0,-824.0,16240.0,248.0,-63.0,-27.0,-49.0,41.0,392.0,-54,-54,59.0,59.0,0,20670
2.4092297554016113,-312.0,-584.0,16464.0,224.0,-119.0,-133.0,-54.0,39.0,380.0,-54,-54,58.0,58.0,0,20655
2.418379306793213,-584.0,-592.0,16416.0,100.0,458.0,-114.0,-54.0,39.0,380.0,-54,-54,58.0,58.0,0,20655
2.428816556930542,-520.0,-768.0,16240.0,88.0,-84.0,-492.0,-60.0,29.0,385.0,-55,-55,58.0,58.0,0,20641
2.438370704650879,-216.0,-616.0,16384.0,-124.0,-209.0,94.0,-70.0,29.0,385.0,-55,-55,58.0,58.0,0,20641
2.448822498321533,-264.0,-648.0,16656.0,86.0,-147.0,-569.0,-70.0,29.0,385.0,-55,-55,58.0,58.0,0,20627
2.4583840370178223,-88.0,-600.0,16496.0,-42.0,201.0,172.0,-70.0,36.0,382.0,-55,-55,57.0,57.0,0,20627
2.468816041946411,-256.0,-736.0,16464.0,-246.0,119.0,-26.0,-54.0,17.0,404.0,-56,-56,57.0,57.0,0,20612
2.4784021377563477,-296.0,-776.0,16416.0,-277.0,356.0,-357.0,-54.0,17.0,404.0,-56,-56,57.0,57.0,0,20612
2.490216016769409,-8.0,-344.0,16336.0,-251.0,403.0,36.0,-71.0,18.0,406.0,-56,-56,56.0,56.0,0,20597
2.4983928203582764,-336.0,-720.0,16240.0,-283.0,39.0,101.0,-61.0,28.0,401.0,-56,-56,56.0,56.0,0,20597
2.5089058876037598,-200.0,-688.0,16448.0,-276.0,12.0,214.0,-88.0,14.0,417.0,-57,-57,56.0,56.0,0,20583
2.5183584690093994,-336.0,-648.0,16376.0,-234.0,239.0,-413.0,-67.0,34.0,387.0,-57,-57,56.0,56.0,0,20583
2.528557538986206,160.0,-376.0,16328.0,-78.0,375.0,-185.0,-69.0,45.0,398.0,-57,-57,56.0,56.0,0,20569
2.538405179977417,-208.0,-584.0,16160.0,-20.0,-195.0,297.0,-71.0,25.0,391.0,-57,-57,55.0,55.0,0,20569
2.548884868621826,-280.0,-752.0,16280.0,107.0,-134.0,200.0,-54.0,43.0,409.0,-58,-58,55.0,55.0,0,20553
2.558363437652588,-352.0,-480.0,16224.0,-11.0,43.0,-305.0,-62.0,14.0,392.0,-58,-58,55.0,55.0,0,20553
2.5693490505218506,-216.0,-672.0,16304.0,-67.0,34.0,-328.0,-62.0,41.0,380.0,-58,-58,54.0,54.0,0,20539
2.5784058570861816,-448.0,-720.0,16488.0,-235.0,-91.0,-236.0,-60.0,26.0,387.0,-58,-58,54.0,54.0,0,20539
2.5888237953186035,-344.0,-792.0,16560.0,400.0,-33.0,372.0,-60.0,26.0,387.0,-59,-59,54.0,54.0,0,20525
2.598360300064087,-544.0,-704.0,16232.0,50.0,-173.0,420.0,-65.0,31.0,387.0,-59,-59,54.0,54.0,0,20525
2.6086981296539307,-56.0,-728.0,16208.0,-54.0,147.0,-534.0,-60.0,31.0,377.0,-59,-59,54.0,54.0,0,20509
2.6183907985687256,-240.0,-688.0,16488.0,-170.0,239.0,-327.0,-60.0,31.0,377.0,-59,-59,53.0,53.0,0,20509
2.6288342475891113,-232.0,-616.0,16136.0,-94.0,92.0,-41.0,-62.0,26.0,390.0,-60,-60,53.0,53.0,0,20495
2.6383562088012695,-200.0,-656.0,16488.0,-230.0,130.0,-75.0,-44.0,2.0,407.0,-60,-60,53.0,53.0,0,20495
2.649284601211548,-288.0,-520.0,16280.0,278.0,145.0,140.0,-44.0,2.0,407.0,-60,-60,52.0,52.0,0,20480
2.6583950519561768,-192.0,-656.0,16464.0,-173.0,70.0,175.0,-80.0,7.0,409.0,-60,-60,52.0,52.0,0,20480
2.6689453125,-160.0,-632.0,16248.0,-163.0,25.0,197.0,-62.0,34.0,392.0,-61,-61,52.0,52.0,0,20465
2.6783690452575684,-456.0,-880.0,16464.0,-349.0,282.0,106.0,-62.0,34.0,392.0,-61,-61,52.0,52.0,0,20465
2.688542604446411,-176.0,-736.0,16288.0,-152.0,-170.0,108.0,-53.0,25.0,393.0,-61,-61,52.0,52.0,0,20451
2.6983909606933594,-72.0,-440.0,16384.0,136.0,-305.0,343.0,-78.0,41.0,407.0,-61,-61,51.0,51.0,0,20451
2.708486795425415,-192.0,-504.0,16008.0,-234.0,-105.0,-322.0,-78.0,41.0,407.0,-61,-61,51.0,51.0,0,20436
2.7183685302734375,-256.0,-576.0,16352.0,132.0,-36.0,-174.0,-63.0,59.0,415.0,-62,-62,51.0,51.0,0,20436
2.7287070751190186,-168.0,-592.0,16128.0,-171.0,130.0,261.0,-63.0,35.0,388.0,-62,-62,51.0,51.0,0,20421
2.7383875846862793,-160.0,-792.0,16056.0,438.0,72.0,215.0,-56.0,30.0,406.0,-62,-62,50.0,50.0,0,20421
2.748964548110962,-176.0,-912.0,16272.0,-170.0,-74.0,-25.0,-61.0,30.0,396.0,-63,-63,50.0,50.0,0,20407
2.758390188217163,-568.0,-776.0,16144.0,241.0,268.0,-614.0,-57.0,43.0,399.0,-63,-63,50.0,50.0,0,20407
2.768718957901001,-264.0,-616.0,16352.0,-177.0,219.0,83.0,-69.0,40.0,386.0,-63,-63,50.0,50.0,0,20392
2.7783877849578857,-232.0,-696.0,16392.0,178.0,205.0,-165.0,-62.0,24.0,395.0,-63,-63,49.0,49.0,0,20392
2.7889931201934814,-264.0,-808.0,16736.0,-17.0,487.0,-362.0,-56.0,28.0,403.0,-64,-64,49.0,49.0,0,20377
2.798356294631958,-352.0,-808.0,16528.0,-244.0,48.0,53.0,-75.0,34.0,397.0,-64,-64,49.0,49.0,0,20377
2.809455156326294,-256.0,-904.0,16480.0,-153.0,197.0,334.0,-53.0,15.0,398.0,-64,-64,48.0,48.0,0,20363
2.8183915615081787,-216.0,-840.0,16416.0,265.0,-63.0,297.0,-76.0,23.0,388.0,-64,-64,48.0,48.0,0,20363
2.8289759159088135,-408.0,-976.0,16472.0,30.0,103.0,-7.0,-73.0,9.0,417.0,-65,-65,48.0,48.0,0,20347
2.8383560180664062,-376.0,-608.0,16224.0,261.0,-231.0,2.0,-62.0,31.0,397.0,-65,-65,48.0,48.0,0,20347
2.8487119674682617,-112.0,-616.0,16664.0,203.0,194.0,-178.0,-62.0,31.0,397.0,-65,-65,48.0,48.0,0,20333
2.858403205871582,-112.0,-744.0,16192.0,-128.0,314.0,-271.0,-74.0,32.0,401.0,-65,-65,47.0,47.0,0,20333
2.8690576553344727,-440.0,-168.0,16152.0,255.0,85.0,-244.0,-83.0,53.0,407.0,-66,-66,47.0,47.0,0,20318
2.878354072570801,-224.0,-640.0,16240.0,28.0,-75.0,339.0,-83.0,53.0,407.0,-66,-66,47.0,47.0,0,20318
2.889446973800659,-392.0,-592.0,16312.0,42.0,34.0,354.0,-62.0,19.0,390.0,-66,-66,46.0,46.0,0,20303
2.8983845710754395,-232.0,-728.0,16336.0,-2.0,332.0,-193.0,-65.0,24.0,397.0,-66,-66,46.0,46.0,0,20303
2.909052848815918,-160.0,-728.0,16432.0,-3.0,180.0,15.0,-65.0,24.0,397.0,-67,-67,46.0,46.0,0,20289
2.9183685779571533,-296.0,-616.0,16296.0,55.0,-38.0,204.0,-63.0,30.0,386.0,-67,-67,46.0,46.0,0,20289
2.929497718811035,-256.0,-928.0,16056.0,414.0,-259.0,291.0,-70.0,39.0,382.0,-67,-67,45.0,45.0,0,20273
2.938405752182007,-296.0,-776.0,16632.0,337.0,-186.0,152.0,-70.0,39.0,382.0,-67,-67,45.0,45.0,0,20273
2.9490156173706055,-336.0,-720.0,16504.0,-117.0,37.0,-219.0,-71.0,28.0,396.0,-68,-68,45.0,45.0,0,20259
2.9583704471588135,-304.0,-824.0,16256.0,-32.0,137.0,-293.0,-60.0,34.0,397.0,-68,-68,45.0,45.0,0,20259
2.968735456466675,-112.0,-680.0,15984.0,508.0,13.0,6.0,-60.0,34.0,397.0,-68,-68,45.0,45.0,0,20244
2.9783918857574463,-384.0,-488.0,16312.0,-302.0,133.0,-219.0,-78.0,34.0,407.0,-68,-68,44.0,44.0,0,20244
2.989097833633423,-24.0,-472.0,16232.0,-260.0,127.0,14.0,-74.0,32.0,381.0,-69,-69,44.0,44.0,0,20229
2.998363494873047,-456.0,-832.0,16584.0,-139.0,-97.0,-138.0,-69.0,10.0,415.0,-69,-69,44.0,44.0,0,20229
3.0095393657684326,-168.0,-520.0,16496.0,255.0,167.0,239.0,-62.0,36.0,382.0,-69,-69,43.0,43.0,0,20214
3.0184690952301025,-160.0,-824.0,16488.0,-287.0,70.0,-414.0,-87.0,35.0,406.0,-69,-69,43.0,43.0,0,20214
3.0285415649414062,-616.0,-704.0,16368.0,44.0,179.0,-74.0,-58.0,28.0,383.0,-69,-69,43.0,43.0,0,20199
3.0383875370025635,-376.0,-896.0,16360.0,75.0,107.0,-409.0,-66.0,45.0,413.0,-70,-70,43.0,43.0,0,20199
3.0495338439941406,-328.0,-440.0,16176.0,-238.0,66.0,-458.0,-58.0,47.0,386.0,-70,-70,42.0,42.0,0,20185
3.0584046840667725,8.0,-624.0,16144.0,30.0,141.0,-195.0,-49.0,36.0,402.0,-70,-70,42.0,42.0,0,20185
3.0685384273529053,-304.0,-528.0,16304.0,-11.0,-275.0,265.0,-70.0,41.0,397.0,-70,-70,42.0,42.0,0,20170
3.078368663787842,-336.0,-600.0,16088.0,-1.0,13.0,41.0,-70.0,41.0,397.0,-71,-71,42.0,42.0,0,20170
3.0893795490264893,-416.0,-528.0,16192.0,-109.0,97.0,-409.0,-66.0,35.0,393.0,-71,-71,41.0,41.0,0,20155
3.0983901023864746,-344.0,-664.0,16200.0,43.0,300.0,-559.0,-70.0,29.0,407.0,-71,-71,41.0,41.0,0,20155
3.10910964012146,-216.0,-744.0,16192.0,233.0,51.0,-386.0,-70.0,29.0,407.0,-72,-72,41.0,41.0,0,20140
3.1183700561523438,-408.0,-520.0,15848.0,160.0,-88.0,106.0,-71.0,30.0,396.0,-72,-72,41.0,41.0,0,20140
3.128753185272217,-88.0,-856.0,16248.0,-261.0,550.0,-254.0,-60.0,26.0,395.0,-72,-72,41.0,41.0,0,20125
3.138404130935669,-152.0,-496.0,16344.0,239.0,-303.0,261.0,-60.0,26.0,395.0,-72,-72,40.0,40.0,0,20125
3.148517370223999,-208.0,-976.0,16560.0,57.0,426.0,-307.0,-56.0,20.0,403.0,-72,-72,40.0,40.0,0,20110
3.1583824157714844,-248.0,-1008.0,16592.0,54.0,-34.0,-21.0,-71.0,28.0,398.0,-73,-73,40.0,40.0,0,20110
3.1695406436920166,-168.0,-640.0,16368.0,320.0,16.0,110.0,-71.0,28.0,398.0,-73,-73,39.0,39.0,0,20095
3.1783885955810547,-160.0,-720.0,16024.0,-210.0,-260.0,-224.0,-78.0,24.0,380.0,-73,-73,39.0,39.0,0,20095
3.1891064643859863,-384.0,-816.0,16240.0,-399.0,190.0,296.0,-92.0,28.0,418.0,-74,-74,39.0,39.0,0,20081
3.1983625888824463,-304.0,-824.0,16616.0,163.0,307.0,204.0,-92.0,28.0,418.0,-74,-74,39.0,39.0,0,20081
3.2095534801483154,-256.0,-568.0,16392.0,280.0,-213.0,2.0,-78.0,56.0,404.0,-74,-74,38.0,38.0,0,20065
3.218402147293091,-440.0,-672.0,16464.0,315.0,-45.0,252.0,-73.0,21.0,399.0,-74,-74,38.0,38.0,0,20065
3.2291054725646973,-192.0,-672.0,16360.0,-74.0,-159.0,-283.0,-44.0,51.0,395.0,-75,-75,38.0,38.0,0,20051
3.238359212875366,-464.0,-696.0,16016.0,50.0,20.0,-193.0,-62.0,39.0,380.0,-75,-75,38.0,38.0,0,20051
3.2495553493499756,-216.0,-928.0,16232.0,108.0,-118.0,-227.0,-49.0,41.0,390.0,-75,-75,37.0,37.0,0,20035
3.258423328399658,-40.0,-520.0,16272.0,127.0,-385.0,33.0,-61.0,35.0,396.0,-75,-75,37.0,37.0,0,20035
3.2691709995269775,-168.0,-744.0,16320.0,-60.0,74.0,-379.0,-61.0,37.0,396.0,-76,-76,37.0,37.0,0,20021
3.2783584594726562,-352.0,-592.0,16240.0,-160.0,-123.0,-167.0,-61.0,37.0,398.0,-76,-76,37.0,37.0,0,20021
3.289580821990967,-192.0,-576.0,16320.0,47.0,458.0,-269.0,-58.0,32.0,388.0,-76,-76,36.0,36.0,0,20005
3.298391580581665,-200.0,-912.0,16152.0,300.0,255.0,31.0,-53.0,20.0,408.0,-76,-76,36.0,36.0,0,20005
3.309156894683838,-24.0,-624.0,16320.0,227.0,-94.0,-173.0,-53.0,20.0,408.0,-77,-77,36.0,36.0,0,19991
3.318368434906006,-360.0,-888.0,16320.0,261.0,-49.0,-178.0,-66.0,28.0,403.0,-77,-77,36.0,36.0,0,19991
3.329571485519409,-504.0,-784.0,16288.0,-266.0,63.0,116.0,-49.0,41.0,377.0,-77,-77,35.0,35.0,0,19975
3.338397264480591,-384.0,-784.0,16424.0,-388.0,-68.0,430.0,-49.0,41.0,377.0,-77,-77,35.0,35.0,0,19975
3.348527193069458,-344.0,-896.0,16328.0,343.0,-140.0,-572.0,-58.0,28.0,386.0,-77,-77,35.0,35.0,0,19961
3.358393430709839,16.0,-688.0,16400.0,-5.0,415.0,-48.0,-86.0,43.0,404.0,-78,-78,35.0,35.0,0,19961
3.3696980476379395,-224.0,-624.0,16400.0,-273.0,164.0,-690.0,-86.0,43.0,404.0,-78,-78,34.0,34.0,0,19945
3.378396511077881,-80.0,-880.0,16360.0,-75.0,-277.0,-91.0,-86.0,48.0,407.0,-78,-78,34.0,34.0,0,19945
3.3891565799713135,-352.0,-680.0,16200.0,-9.0,281.0,-216.0,-56.0,32.0,381.0,-79,-79,34.0,34.0,0,19931
3.3983588218688965,-48.0,-744.0,16352.0,22.0,310.0,221.0,-56.0,32.0,381.0,-79,-79,34.0,34.0,0,19931
3.409712314605713,-320.0,-592.0,16400.0,350.0,-144.0,219.0,-63.0,37.0,391.0,-79,-79,33.0,33.0,0,19915
3.4184038639068604,-168.0,-712.0,16456.0,11.0,179.0,324.0,-57.0,26.0,397.0,-79,-79,33.0,33.0,0,19915
3.4291858673095703,-184.0,-632.0,16352.0,-147.0,97.0,163.0,-57.0,26.0,397.0,-80,-80,33.0,33.0,0,19901
3.438387870788574,-32.0,-504.0,16232.0,-82.0,337.0,-291.0,-57.0,26.0,397.0,-80,-80,33.0,33.0,0,19901
3.449678897857666,40.0,-1000.0,16312.0,227.0,259.0,61.0,-60.0,34.0,399.0,-80,-80,32.0,32.0,0,19885
3.458404541015625,-112.0,-560.0,16416.0,115.0,333.0,-160.0,-60.0,34.0,399.0,-80,-80,32.0,32.0,0,19885
3.4692392349243164,-472.0,-752.0,16304.0,133.0,70.0,-183.0,-52.0,21.0,395.0,-81,-81,32.0,32.0,0,19870
3.478360652923584,-432.0,-648.0,16128.0,-160.0,332.0,-6.0,-71.0,40.0,391.0,-81,-81,32.0,32.0,0,19870
3.4891326427459717,-400.0,-824.0,16528.0,64.0,486.0,-260.0,-46.0,29.0,404.0,-81,-81,32.0,32.0,0,19855
3.4984121322631836,-240.0,-632.0,16344.0,-331.0,123.0,218.0,-69.0,32.0,391.0,-81,-81,31.0,31.0,0,19855
3.509195566177368,-360.0,-688.0,16312.0,-3.0,-169.0,129.0,-69.0,18.0,413.0,-82,-82,31.0,31.0,0,19840
3.5183796882629395,-32.0,-800.0,16504.0,77.0,31.0,-207.0,-69.0,18.0,413.0,-82,-82,31.0,31.0,0,19840
3.5297343730926514,-624.0,-672.0,16512.0,-282.0,269.0,-239.0,-71.0,35.0,408.0,-82,-82,30.0,30.0,0,19825
3.538408041000366,-440.0,-592.0,16296.0,-30.0,-74.0,-494.0,-63.0,28.0,391.0,-82,-82,30.0,30.0,0,19825
3.549241542816162,-448.0,-536.0,16368.0,306.0,118.0,-29.0,-66.0,45.0,411.0,-83,-83,30.0,30.0,0,19810
3.558406114578247,-376.0,-736.0,16392.0,-88.0,71.0,365.0,-66.0,45.0,411.0,-83,-83,30.0,30.0,0,19810
3.569941282272339,-304.0,-536.0,16544.0,98.0,-261.0,-321.0,-66.0,32.0,386.0,-83,-83,29.0,29.0,0,19795
3.5784006118774414,-312.0,-680.0,16120.0,70.0,-102.0,-1.0,-66.0,32.0,386.0,-83,-83,29.0,29.0,0,19795
3.589242696762085,-336.0,-560.0,16104.0,26.0,-54.0,139.0,-43.0,49.0,386.0,-84,-84,29.0,29.0,0,19780
3.598376750946045,-312.0,-368.0,16400.0,-133.0,-2.0,-68.0,-43.0,49.0,386.0,-84,-84,29.0,29.0,0,19780
3.6097819805145264,-440.0,-608.0,16336.0,-72.0,192.0,130.0,-54.0,36.0,395.0,-84,-84,28.0,28.0,0,19765
3.6184072494506836,-208.0,-624.0,16112.0,56.0,-178.0,-203.0,-54.0,36.0,395.0,-84,-84,28.0,28.0,0,19765
3.6292967796325684,-232.0,-648.0,16176.0,-140.0,141.0,-443.0,-52.0,34.0,404.0,-85,-85,28.0,28.0,0,19750
3.638375997543335,-432.0,-432.0,16168.0,201.0,-162.0,-28.0,-52.0,34.0,404.0,-85,-85,28.0,28.0,0,19750
3.6497490406036377,-200.0,-728.0,16304.0,273.0,-177.0,505.0,-56.0,32.0,388.0,-85,-85,27.0,27.0,0,19735
3.658421039581299,-104.0,-896.0,16304.0,-86.0,-78.0,610.0,-56.0,32.0,388.0,-85,-85,27.0,27.0,0,19735
3.669325828552246,-368.0,-616.0,16520.0,-204.0,174.0,71.0,-65.0,34.0,385.0,-86,-86,27.0,27.0,0,19719
3.678374767303467,-488.0,-720.0,16136.0,-73.0,-83.0,-472.0,-65.0,34.0,385.0,-86,-86,27.0,27.0,0,19719
3.6897456645965576,-368.0,-752.0,16456.0,144.0,-138.0,230.0,-67.0,19.0,397.0,-86,-86,26.0,26.0,0,19705
3.698394775390625,-112.0,-696.0,16336.0,268.0,252.0,-353.0,-67.0,19.0,397.0,-86,-86,26.0,26.0,0,19705
3.7092864513397217,-200.0,-608.0,16336.0,-2.0,56.0,-84.0,-56.0,32.0,391.0,-87,-87,26.0,26.0,0,19690
3.718385934829712,-432.0,-680.0,16280.0,-455.0,157.0,-331.0,-56.0,32.0,391.0,-87,-87,26.0,26.0,0,19690
3.7297732830047607,-504.0,-712.0,16480.0,246.0,-132.0,71.0,-57.0,34.0,395.0,-87,-87,25.0,25.0,0,19675
3.7384040355682373,-176.0,-240.0,16320.0,195.0,88.0,-175.0,-57.0,34.0,395.0,-87,-87,25.0,25.0,0,19675
3.7492825984954834,-216.0,-664.0,16264.0,307.0,-57.0,140.0,-49.0,31.0,402.0,-88,-88,25.0,25.0,0,19660
3.7584235668182373,-416.0,-520.0,16248.0,-252.0,259.0,-76.0,-49.0,31.0,402.0,-88,-88,25.0,25.0,0,19660
3.769904375076294,-48.0,-616.0,16432.0,13.0,107.0,154.0,-67.0,31.0,392.0,-88,-88,24.0,24.0,0,19645
3.778409957885742,192.0,-872.0,16352.0,4.0,341.0,359.0,-67.0,31.0,392.0,-88,-88,24.0,24.0,0,19645
3.789304494857788,-488.0,-472.0,15920.0,-135.0,-258.0,160.0,-62.0,31.0,390.0,-89,-89,24.0,24.0,0,19630
3.798370599746704,-320.0,-664.0,16496.0,398.0,102.0,219.0,-62.0,31.0,390.0,-89,-89,24.0,24.0,0,19630
3.809922456741333,-248.0,-504.0,16360.0,-395.0,-86.0,202.0,-53.0,28.0,393.0,-89,-89,23.0,23.0,0,19615
3.818404197692871,-336.0,-880.0,16320.0,48.0,-43.0,-385.0,-53.0,28.0,393.0,-89,-89,23.0,23.0,0,19615
3.829343795776367,-456.0,-736.0,16176.0,21.0,194.0,293.0,-60.0,29.0,397.0,-90,-90,23.0,23.0,0,19599
3.8383798599243164,-320.0,-880.0,16072.0,-14.0,-30.0,-324.0,-60.0,29.0,397.0,-90,-90,23.0,23.0,0,19599
3.8499248027801514,-16.0,-936.0,16336.0,-38.0,-217.0,292.0,-61.0,13.0,396.0,-90,-90,22.0,22.0,0,19585
3.858417272567749,-344.0,-768.0,16256.0,-333.0,58.0,187.0,-61.0,13.0,396.0,-90,-90,22.0,22.0,0,19585
3.869309186935425,-400.0,-1016.0,16472.0,-122.0,134.0,-599.0,-79.0,15.0,401.0,-91,-91,22.0,22.0,0,19569
3.87837553024292,-360.0,-680.0,16208.0,-129.0,-31.0,310.0,-79.0,15.0,401.0,-91,-91,22.0,22.0,0,19569
3.88993239402771,-208.0,-608.0,16624.0,-117.0,-37.0,40.0,-62.0,31.0,387.0,-91,-91,21.0,21.0,0,19554
3.898399591445923,-224.0,-624.0,16384.0,362.0,-300.0,-38.0,-62.0,31.0,387.0,-91,-91,21.0,21.0,0,19554
3.909324884414673,-352.0,-728.0,16440.0,-149.0,81.0,-282.0,-57.0,43.0,397.0,-92,-92,21.0,21.0,0,19539
3.918381929397583,-360.0,-888.0,16264.0,74.0,-324.0,216.0,-57.0,43.0,397.0,-92,-92,21.0,21.0,0,19539
3.9299261569976807,-384.0,-504.0,16312.0,71.0,-270.0,-282.0,-63.0,20.0,397.0,-92,-92,20.0,20.0,0,19524
3.9384238719940186,-512.0,-728.0,16216.0,256.0,-452.0,-466.0,-63.0,20.0,391.0,-92,-92,20.0,20.0,0,19524
3.949329137802124,-312.0,-888.0,16200.0,-165.0,183.0,-61.0,-63.0,23.0,391.0,-93,-93,20.0,20.0,0,19509
3.958383560180664,-176.0,-760.0,16512.0,-72.0,99.0,-298.0,-63.0,23.0,391.0,-93,-93,20.0,20.0,0,19509
3.9699478149414062,-440.0,-504.0,15992.0,44.0,-28.0,255.0,-67.0,36.0,390.0,-93,-93,19.0,19.0,0,19494
3.9783997535705566,-240.0,-376.0,16312.0,-68.0,178.0,262.0,-67.0,36.0,390.0,-93,-93,19.0,19.0,0,19494
3.9893898963928223,-256.0,-528.0,16248.0,-379.0,135.0,-145.0,-67.0,36.0,390.0,-94,-94,19.0,19.0,0,19479
3.9983856678009033,-272.0,-624.0,16192.0,-318.0,-85.0,213.0,-58.0,30.0,391.0,-94,-94,19.0,19.0,0,19479
4.009879112243652,-624.0,-848.0,16096.0,92.0,-18.0,-161.0,-65.0,29.0,385.0,-94,-94,18.0,18.0,0,19463
4.018410921096802,-200.0,-736.0,16304.0,-285.0,101.0,2.0,-65.0,26.0,395.0,-94,-94,18.0,18.0,0,19463
4.029338359832764,-32.0,-608.0,16368.0,53.0,20.0,-364.0,-66.0,28.0,413.0,-95,-95,18.0,18.0,0,19449
4.0384368896484375,-152.0,-808.0,16264.0,-137.0,263.0,-412.0,-66.0,28.0,398.0,-95,-95,18.0,18.0,0,19449
4.050299167633057,-312.0,-704.0,16256.0,-316.0,81.0,212.0,-71.0,35.0,406.0,-95,-95,17.0,17.0,0,19433
4.058428049087524,-152.0,-504.0,16152.0,-275.0,-253.0,-304.0,-74.0,37.0,388.0,-95,-95,17.0,17.0,0,19433
4.069408655166626,64.0,-848.0,16496.0,185.0,-111.0,-89.0,-84.0,37.0,425.0,-96,-96,17.0,17.0,0,19418
4.078379154205322,32.0,-432.0,16360.0,175.0,73.0,295.0,-54.0,26.0,395.0,-96,-96,17.0,17.0,0,19418
4.090097188949585,-144.0,-584.0,16376.0,96.0,-11.0,41.0,-54.0,48.0,412.0,-96,-96,16.0,16.0,0,19403
4.098403692245483,-424.0,-768.0,16528.0,57.0,-2.0,258.0,-54.0,48.0,412.0,-96,-96,16.0,16.0,0,19403
4.109340190887451,-144.0,-720.0,16072.0,204.0,-109.0,427.0,-56.0,37.0,406.0,-97,-97,16.0,16.0,0,19388
4.118393421173096,-304.0,-816.0,16512.0,140.0,245.0,117.0,-70.0,34.0,392.0,-97,-97,16.0,16.0,0,19388
4.130005359649658,-448.0,-488.0,16312.0,146.0,20.0,129.0,-70.0,34.0,392.0,-97,-97,15.0,15.0,0,19373
4.13840913772583,-176.0,-832.0,16488.0,-66.0,267.0,508.0,-56.0,25.0,393.0,-97,-97,15.0,15.0,0,19373
4.149410963058472,-96.0,-632.0,16224.0,-251.0,197.0,-188.0,-67.0,34.0,385.0,-98,-98,15.0,15.0,0,19358
4.158402442932129,-200.0,-704.0,16352.0,-31.0,20.0,1.0,-67.0,34.0,385.0,-98,-98,15.0,15.0,0,19358
4.170034408569336,-112.0,-680.0,16240.0,95.0,-194.0,297.0,-52.0,39.0,380.0,-98,-98,14.0,14.0,0,19343
4.178414344787598,-16.0,-672.0,16528.0,-10.0,-306.0,545.0,-44.0,9.0,419.0,-98,-98,14.0,14.0,0,19343
4.1893980503082275,-312.0,-704.0,16224.0,-26.0,26.0,-480.0,-44.0,9.0,419.0,-99,-99,14.0,14.0,0,19328
4.198386192321777,-448.0,-720.0,16176.0,119.0,50.0,-78.0,-50.0,-1.0,428.0,-99,-99,14.0,14.0,0,19328
4.210020542144775,-432.0,-848.0,16312.0,-278.0,304.0,194.0,-62.0,39.0,387.0,-99,-99,13.0,13.0,0,19313
4.218427896499634,-200.0,-688.0,16128.0,-168.0,-332.0,304.0,-62.0,39.0,387.0,-99,-99,13.0,13.0,0,19313
4.2293782234191895,-296.0,-664.0,16592.0,-354.0,304.0,-285.0,-65.0,26.0,390.0,-100,-100,13.0,13.0,0,19297
4.239307880401611,-432.0,-640.0,16320.0,-93.0,232.0,-8.0,-95.0,37.0,423.0,-100,-100,13.0,13.0,0,19297
4.2506678104400635,-80.0,-880.0,16336.0,-52.0,103.0,-224.0,-54.0,34.0,360.0,-100,-100,12.0,12.0,0,19285
4.259657382965088,-552.0,-576.0,16208.0,-508.0,44.0,-31.0,-56.0,37.0,388.0,-100,-100,12.0,12.0,0,19285
4.2693798542022705,-248.0,-832.0,16496.0,24.0,341.0,-447.0,-67.0,34.0,387.0,-99,-99,12.0,12.0,0,19283
4.279348134994507,32.0,-728.0,16176.0,-385.0,134.0,289.0,-45.0,40.0,393.0,-99,-99,12.0,12.0,0,19283
4.900773286819458,-160.0,-792.0,16704.0,-123.0,8.0,-153.0,-57.0,26.0,387.0,-98,-98,11.0,11.0,0,19287
